term	expansion
systemd	user unit
systemd	service
systemd	timer
systemd	systemctl
service	systemd
unit	systemd
timer	systemd
systemctl	systemd
hyprland	window rule
hyprland	hyprctl
hyprland	workspace
window	hyprland
workspace	hyprland
quickshell	omarchy
quickshell	bar
quickshell	plugin
bar	quickshell
omarchy	quickshell
odin	jm
odin	collection
jm	odin
just	justfile
just	recipe
make	just
makefile	justfile
supabase	postgres
supabase	pooler
postgres	supabase
secrets	doppler
doppler	secrets
screenshot	grim
picker	fzf
fzf	picker
brain	vault
vault	brain
memory	recall
crash	coredump
crash	segfault
sqlite	index
